fid,color_2,Name,Population,White,Blk_AfAm,AmInd_AkNa,Asian,NatHaw_Pac,Other_Race,TwoOrMore,Hisp_Lat,Male,Female,age0_4,age5_11,age12_14,age15_17,age18_24,age25_34,age35_44,age45_64,age65ovr,families,married,married18,malehh,malehh18,femalehh,femalehh18,housing,occupied,occ_own,occ_rent,vacant,vac_rent,vac_sale,vac_other,geodata_eg,pop_dens,pop_chng,hh_chng,avehhsize,created_us,created_da,last_edite,last_edi_1,shape_star,shape_stle,SHAPE__Length,SHAPE__Area
1,2,Abell,889,606,213,3,33,1,4,29,30,424,465,55,43,5,10,118,254,149,186,69,159,105,41,12,4,42,19,515,440,248,192,75,49,4,22,0.07298534,12180.52809,-107,-45,2.02045011, ,, ,,2034706.401,5892.827778,2324.674182,316336.0625
2,2,Allendale,3554,18,3497,8,6,0,5,20,21,1536,2018,179,315,136,181,317,383,315,1039,689,874,253,62,111,34,510,193,1608,1433,818,615,175,99,20,56,0.40628891,8747.469822,-150,-11,2.47244, ,, ,,11326639.48,14276.84523,5624.634685,1759173.438
3,2,Arcadia,1235,623,537,4,12,0,10,49,31,592,643,101,85,40,55,116,188,164,380,106,305,194,79,23,9,88,40,510,462,356,106,48,14,9,25,0.22606039,5463.14181,-17,-8,2.67316007, ,, ,,6302176.93,12268.0789,4839.572646,980017.9359
4,5,Arlington,2598,33,2496,3,9,0,10,47,17,1219,1379,148,237,92,114,231,297,305,775,399,585,215,63,76,28,294,130,1312,1079,485,594,233,64,24,145,0.18060179,14385.23874,-437,-126,2.38369011, ,, ,,5034869.061,9756.115594,3846.599506,783270.8329
5,2,Armistead Gardens,3458,2698,108,51,14,8,413,166,841,1621,1837,266,330,113,125,272,496,438,929,489,877,431,164,115,47,331,160,1543,1459,981,478,84,26,17,41,0.47279197,7313.998941,547,176,2.37012004, ,, ,,13180631.06,16915.74413,6667.429263,2048122.18
6,3,Ashburton,2520,33,2431,6,4,0,15,31,39,1082,1438,106,178,79,103,192,214,250,791,607,625,326,99,65,21,234,78,1202,1097,787,310,105,18,14,73,0.35243146,7150.326362,8,-16,2.29444003, ,, ,,9825186.071,16042.22755,6325.784782,1527621.232
7,4,Baltimore Highlands,2703,1023,700,63,75,11,693,138,1117,1485,1218,253,203,85,95,358,569,413,500,227,514,194,90,108,35,212,119,1148,876,302,574,272,98,45,129,0.15151165,17840.21202,387,-79,3.08561992, ,, ,,4223885.551,8315.125395,3277.863587,656088.308
8,2,Patterson Park Neighborhood,5820,2904,1682,108,143,2,774,207,1624,2957,2863,506,443,150,149,665,1732,851,1017,307,1152,625,250,157,65,370,195,2569,2095,1185,910,474,187,75,212,0.1689267,34452.81132,-135,28,2.76897001, ,, ,,4709387.5,10491.25198,4131.87839,731485.4878
9,1,Barclay,2181,302,1764,10,23,0,35,47,78,1149,1032,127,129,42,57,255,368,280,740,183,379,119,24,52,10,208,97,1490,955,223,732,535,127,33,375,0.14055223,15517.36315,-537,-132,2.1329801, ,, ,,3918355.624,8116.649312,3201.184686,608995.1021
10,3,Barre Circle,450,228,154,6,34,0,12,16,14,224,226,14,19,7,10,82,165,62,65,26,69,49,14,7,5,13,5,245,209,98,111,36,11,3,22,0.02394857,18790.26261,117,64,2.15311002, ,, ,,667645.2625,3977.193227,1568.501343,103679.537
11,4,Beechfield,3708,363,3216,7,29,0,20,73,87,1638,2070,256,372,174,161,384,573,484,1051,253,970,404,161,95,46,471,266,1554,1440,888,552,114,74,13,27,0.40295492,9202.02178,-50,30,2.54653, ,, ,,11233693.66,16371.15851,6447.515141,1744099.006
12,4,Belair-Parkside,444,108,299,1,7,0,1,28,10,197,247,24,51,18,33,33,68,54,119,44,106,55,19,5,3,46,23,183,157,121,36,26,5,8,13,0.03221343,13783.06741,-58,-7,2.8280301, ,, ,,898055.543,6678.39256,2634.122345,139637.274
13,1,Bellona-Gittings,599,481,64,0,35,0,2,17,19,286,313,38,58,20,21,32,39,69,191,131,178,159,63,8,2,11,5,265,246,211,35,19,6,6,7,0.16255973,3684.799332,0,-9,2.43495988, ,, ,,4531887.166,8679.204805,3423.869529,705428.9526
14,5,Berea,3865,32,3784,11,7,0,5,26,35,1749,2116,234,319,133,185,362,382,421,1092,737,930,280,72,119,34,531,193,1815,1518,815,703,297,115,16,166,0.34002464,11366.8233,-660,-179,2.54216003, ,, ,,9479305.006,12598.793,4967.146607,1473072.541
15,4,Better Waverly,2874,389,2363,9,27,0,28,58,92,1251,1623,224,260,109,118,306,507,361,790,199,606,173,63,82,39,351,186,1383,1149,434,715,234,60,29,145,0.28177899,10199.48262,-153,18,2.46475005, ,, ,,7855516.212,12435.94391,4904.538982,1221244.405
16,3,Beverly Hills,669,389,265,1,3,0,8,3,13,309,360,36,46,20,25,44,95,96,234,73,170,112,39,10,4,48,22,317,289,237,52,28,4,6,18,0.10416271,6422.643874,-132,-3,2.31487989, ,, ,,2903878.117,7224.234582,2849.490986,451633.2722
17,4,Biddle Street,1265,8,1239,0,2,0,6,10,10,601,664,97,129,44,66,139,126,155,315,194,314,78,23,39,4,197,84,601,429,208,221,172,45,4,123,0.11285041,11209.52858,-209,-64,2.94871997, ,, ,,3146076.544,8917.468797,3510.87116,488815.6304
18,4,Blythewood,72,67,0,0,0,0,0,5,3,38,34,2,12,2,5,1,2,12,20,16,21,19,8,2,0,0,0,28,26,26,0,2,0,0,2,0.0758924,948.7115578,44,15,2.76922988, ,, ,,2115750.308,5922.915126,2337.649205,329168.9795
19,4,Bolton Hill,4974,2807,1581,10,361,2,53,160,163,2215,2759,139,152,49,41,1496,708,479,1070,840,613,439,125,48,22,126,54,2883,2589,693,1896,294,177,8,109,0.22772467,21842.16518,-318,-83,1.6516, ,, ,,6348574.228,11003.0889,4335.456583,986511.2104
20,2,Booth-Boyd,822,25,776,3,1,0,0,17,8,408,414,60,94,26,40,98,106,89,232,77,187,39,13,21,9,127,54,430,275,74,201,155,9,10,136,0.03873237,21222.5567,-164,-38,2.98908996, ,, ,,1079792.291,4766.047367,1876.302258,167692.6034
21,3,Brewers Hill,1511,1249,56,24,39,1,104,38,171,737,774,79,56,24,19,129,526,200,309,169,289,182,49,38,16,69,24,754,691,477,214,63,16,18,29,0.08915617,16947.7876,17,14,2.18669009, ,, ,,2485521.702,6423.650169,2532.191469,385971.2345
22,1,Bridgeview/Greenlawn,1975,7,1943,4,2,0,1,18,11,874,1101,119,162,61,84,183,223,243,663,237,460,141,33,61,19,258,101,927,848,394,454,79,25,7,47,0.28330317,6971.330218,-335,-47,2.32901, ,, ,,7898007.702,13013.06612,5128.295953,1227061.201
23,2,Broadway East,4931,117,4681,15,17,2,15,84,65,2217,2714,456,478,205,245,547,571,588,1272,569,1082,243,85,141,55,698,351,2617,1680,642,1038,937,219,39,679,0.3463413,14237.40102,-1905,-523,2.87142992, ,, ,,9655402.72,12525.8044,4936.970615,1500389.719
24,4,Broening Manor,1726,1062,343,28,18,1,231,43,429,847,879,130,133,42,74,167,264,225,464,227,390,213,76,48,22,129,58,706,663,352,311,43,29,8,6,0.1625869,10615.86127,56,-33,2.60331988, ,, ,,4532644.567,10987.33933,4327.606941,703668.2981
25,4,Brooklyn,9996,4788,4051,52,148,2,502,453,1149,4870,5126,1055,1163,378,390,1132,1740,1237,2242,659,2279,937,423,320,171,1022,647,4343,3597,1282,2315,746,450,103,193,0.85331795,11714.27364,867,-10,2.77870011, ,, ,,23789044.06,24120.22361,9497.111863,3688823.117
26,1,Burleith-Leighton,737,5,711,2,0,0,0,19,3,330,407,55,57,23,26,70,90,72,211,133,187,55,12,23,4,109,40,327,291,196,95,36,4,3,29,0.08452922,8718.877553,33,-3,2.53264999, ,, ,,2356530.24,7955.350184,3136.143966,366301.8952
27,1,Butchers Hill,1889,1320,349,45,68,0,70,37,130,932,957,123,63,29,28,191,634,328,361,132,351,238,79,22,9,91,34,1025,888,454,434,137,42,38,57,0.07764354,24329.13,1,28,2.10247993, ,, ,,2164569.261,5963.734129,2351.07516,336203.8028
28,1,Callaway-Garrison,1798,35,1720,9,7,0,7,20,11,819,979,97,130,57,70,197,224,233,516,274,443,174,44,52,16,217,73,769,657,368,289,112,14,9,89,0.190305,9447.991008,-165,-26,2.72603011, ,, ,,5305377.9,9848.553636,3885.321538,824957.9552
29,3,Cameron Village,1435,48,1353,7,0,1,11,15,32,642,793,101,127,41,67,145,215,169,414,156,368,139,41,39,18,190,104,725,630,335,295,95,47,7,41,0.10384221,13819.04228,-158,-18,2.27143001, ,, ,,2894943.309,8011.332456,3159.968746,450465.8646
30,4,Canton,12192,10811,485,45,383,11,222,235,641,6017,6175,512,232,80,88,1253,4835,1738,2192,1262,2126,1603,387,198,55,325,91,7336,6406,3893,2513,930,325,212,393,0.57047339,21371.72414,1305,855,1.87871003, ,, ,,15903821.84,20047.33076,7896.713514,2469522.371
31,2,Canton Industrial Area,0,0,0,0,0,0,0,0,0,0,0,0,0,0,0,0,0,0,0,0,0,0,0,0,0,0,0,0,0,0,0,0,0,0,0,2.48846934,0,0,0,0, ,, ,,69374266.17,73390.89102,28924.39448,10768272.67
32,4,Carroll - Camden Industrial Area,0,0,0,0,0,0,0,0,0,0,0,0,0,0,0,0,0,0,0,0,0,0,0,0,0,0,0,0,0,0,0,0,0,0,0,0.70301747,0,0,0,0, ,, ,,19598923.86,32614.02645,12850.11812,3042538.524
33,3,Carroll Park,0,0,0,0,0,0,0,0,0,0,0,0,0,0,0,0,0,0,0,0,0,0,0,0,0,0,0,0,0,0,0,0,0,0,0,0.34396398,0,0,0,0, ,, ,,9589127.071,14047.28204,5532.276201,1488742.894
34,3,Carroll-South Hilton,1370,40,1315,1,1,0,1,12,13,630,740,84,131,44,62,142,177,169,367,194,340,101,24,47,15,192,76,625,518,315,203,107,27,11,69,0.48509858,2824.168215,-182,-54,2.63513994, ,, ,,13523718.25,15897.6177,6266.647296,2100162.645
35,5,Carrollton Ridge,3645,1222,2162,10,80,1,65,105,108,1752,1893,327,467,173,198,393,484,507,878,218,782,234,108,136,61,412,242,1988,1145,322,823,843,176,51,616,0.22287565,16354.41095,-1180,-521,3.17118, ,, ,,6213391.717,10655.00702,4199.346726,964814.1049
36,3,Cedarcroft,726,633,45,1,28,0,3,16,25,352,374,54,101,26,21,31,35,127,236,95,192,175,94,2,1,15,9,277,263,237,26,14,5,4,5,0.13371576,5429.426935,137,36,2.74144005, ,, ,,3727766.794,8018.45088,3162.532354,580271.1247
37,1,Cedmont,2594,1175,1307,10,50,0,16,36,66,1226,1368,174,214,96,117,205,365,391,757,275,626,382,166,57,20,187,78,1074,976,796,180,98,33,25,40,0.37598718,6899.171368,13,-32,2.64548993, ,, ,,10481879.12,15076.2328,5947.730143,1630568.648
38,2,Cedonia,3316,176,3051,4,15,0,21,49,63,1467,1849,232,298,136,149,364,483,415,940,299,857,391,136,65,29,401,196,1428,1295,742,553,133,77,20,36,0.28220315,11750.4002,-265,-78,2.56062006, ,, ,,7867340.945,17746.67295,7003.797657,1223225.613
39,2,Central Forest Park,1273,48,1205,1,7,0,1,11,18,606,667,82,100,36,64,121,149,124,374,223,261,119,44,28,8,114,43,571,418,222,196,153,78,19,56,0.1493383,8524.26976,-216,-96,2.82296991, ,, ,,4163296.357,8735.006127,3442.260198,647283.1676
40,2,Central Park Heights,6026,109,5774,11,15,0,22,95,85,2746,3280,492,570,225,297,731,774,713,1572,652,1355,368,97,180,69,807,392,2829,1994,846,1148,835,175,36,624,0.44284568,13607.44879,-1890,-488,2.95436, ,, ,,12345779.8,19209.90553,7579.322762,1920356.458
41,2,Charles North,1059,216,666,5,100,1,39,32,60,608,451,26,17,6,10,94,209,152,390,155,104,58,10,16,5,30,13,916,716,51,665,200,117,11,72,0.13879817,7629.78315,-77,-44,1.39664995, ,, ,,3869455.649,9452.263528,3726.92354,601325.1061
42,1,Cherry Hill,8367,238,7919,16,21,1,62,110,140,3431,4936,949,1242,398,375,1013,1228,759,1710,693,2096,397,149,193,82,1506,1015,3441,3199,547,2652,242,127,12,103,1.17120628,7143.916593,595,268,2.61549997, ,, ,,32651226.63,28581.08077,11253.58991,5065329.467
43,3,Cheswolde,7270,5654,1053,12,391,11,43,106,170,3296,3974,693,626,248,220,714,1301,733,1353,1382,1661,1354,611,70,30,237,125,3445,3291,1311,1980,154,74,30,50,0.85527834,8500.156709,876,173,2.20904994, ,, ,,23843696.56,22004.58134,8673.5144,3711319.358
44,4,Chinquapin Park - Belvedere,1309,134,1121,14,7,1,6,26,23,584,725,75,93,50,47,116,140,170,421,197,352,177,48,27,12,148,57,551,525,456,69,26,11,7,8,0.11472921,11409.47395,-125,-9,2.48380994, ,, ,,3198454.191,9169.641097,3615.691741,497784.0908
45,5,Orchard Ridge,546,44,475,9,2,0,7,9,18,216,330,68,80,29,30,60,84,62,103,30,142,9,5,14,8,119,77,273,222,26,196,51,41,10,0,0.27758565,1966.960414,-1154,-473,2.45946002, ,, ,,7738613.043,13101.45015,5161.579636,1202695.492
46,2,Clifton Park,0,0,0,0,0,0,0,0,0,0,0,0,0,0,0,0,0,0,0,0,0,0,0,0,0,0,0,0,0,0,0,0,0,0,0,0.56029005,0,0,0,0, ,, ,,15619927.81,16821.57889,6630.503359,2428030.786
47,5,Coldspring,1029,165,790,5,35,0,4,30,17,413,616,52,57,22,27,51,109,149,300,262,201,124,49,12,6,65,28,630,608,321,287,22,11,3,8,0.64987672,1583.377217,149,113,1.69243001, ,, ,,18117450.82,19438.05571,7671.059401,2818668.628
48,5,Coldstream Homestead Montebello,7266,118,6972,21,31,0,16,108,102,3337,3929,489,732,310,365,818,911,842,1917,882,1714,486,151,211,63,1017,432,3140,2428,1257,1171,712,208,60,444,0.51473833,14115.90991,-1471,-327,2.96169996, ,, ,,14350023.87,16776.70222,6611.661037,2230811.69
49,3,Concerned Citizens Of Forest Park,1153,12,1126,1,2,0,1,11,12,523,630,58,97,48,65,138,122,118,341,166,288,98,33,30,13,160,59,546,432,238,194,114,44,20,50,0.07988739,14432.8142,-177,-39,2.63193988, ,, ,,2227123.981,6062.794874,2390.442371,346223.9845
50,4,Coppin Heights/Ash-Co-East,2660,13,2592,7,10,3,7,28,20,1210,1450,189,273,119,131,295,316,292,719,326,604,164,43,79,21,361,159,1269,891,457,434,378,78,28,272,0.1919624,13856.88016,-444,-202,2.97979998, ,, ,,5351583.22,11178.83243,4404.619939,831569.1452
51,4,Cross Country,5157,4039,822,2,175,0,50,69,111,2340,2817,483,614,242,251,461,674,481,1015,936,1143,921,457,58,26,164,85,2130,1989,1037,952,141,64,32,45,0.59240599,8705.178689,492,19,2.51154994, ,, ,,16515265.09,20723.10472,8172.117485,2570528.283
52,1,Cross Keys,856,725,85,0,25,1,5,15,15,344,512,9,18,4,1,17,89,60,272,386,169,143,18,3,1,23,5,729,625,497,128,104,18,20,66,0.2782102,3076.810196,-3,-15,1.36960005, ,, ,,7756024.396,15970.11968,6306.087903,1206742.604
53,1,Curtis Bay,4063,2512,1086,30,104,0,88,243,227,2028,2035,386,395,113,122,430,706,528,1051,332,943,456,170,144,67,343,189,1904,1528,618,910,376,232,48,96,0.51111181,7949.336874,81,-35,2.65902996, ,, ,,14248922.63,18848.72547,7427.241449,2208936.046
54,5,Curtis Bay Industrial Area,0,0,0,0,0,0,0,0,0,0,0,0,0,0,0,0,0,0,0,0,0,0,0,0,0,0,0,0,0,0,0,0,0,0,0,0.41878134,0,0,0,0, ,, ,,11674907.04,26426.00222,10404.7547,1809891.545
55,4,Cylburn,2357,43,2245,18,5,0,12,34,26,1065,1292,154,208,99,84,211,284,247,671,399,591,213,55,62,20,316,138,1047,950,523,427,97,35,9,53,0.22094155,10667.97966,-229,7,2.48105001, ,, ,,6159472.371,10917.68914,4305.991209,958197.1752
56,4,Darley Park,1218,7,1189,1,6,0,0,15,7,585,633,94,128,57,61,138,144,145,312,139,278,76,24,34,15,168,66,525,378,181,197,147,42,10,95,0.05196522,23438.7496,-334,-87,3.22221994, ,, ,,1448701.657,5721.587759,2253.876232,225163.2533
57,4,Dickeyville,156,143,9,0,0,0,1,3,6,73,83,12,5,0,1,3,15,19,67,34,33,28,9,1,0,4,1,88,84,81,3,4,0,0,4,0.21312911,731.9506653,-143,-7,1.85713994, ,, ,,5941675.046,12376.92713,4882.772644,923495.9434
58,2,Dolfield,2156,48,2065,12,10,0,4,17,17,931,1225,147,175,75,90,191,251,251,610,366,517,168,46,45,20,304,132,935,792,396,396,143,41,9,93,0.17005855,12677.98645,-87,-55,2.61364006, ,, ,,4740941.33,8664.0844,3415.235516,737318.6185
59,4,Dorchester,1700,17,1659,3,6,0,3,12,17,797,903,128,146,87,87,172,211,181,479,209,396,131,52,57,22,208,88,760,598,301,297,162,30,7,125,0.19057692,8920.282625,-118,-71,2.82106995, ,, ,,5312958.391,9388.65762,3703.15501,826141.7041
60,2,Downtown,4448,2161,1126,12,927,6,65,151,234,2259,2189,98,40,21,17,1017,1999,512,634,110,417,310,75,37,14,70,31,3228,2600,137,2463,628,349,133,146,0.40735121,10919.32413,2592,1550,1.48385, ,, ,,11356254.81,14822.44316,5837.427213,1763829.55
61,2,Druid Heights,1497,19,1454,5,4,0,2,13,11,732,765,105,129,68,72,165,193,162,432,171,292,64,22,46,16,182,90,1074,591,173,418,483,55,22,406,0.09051564,16538.57743,-402,-184,2.50931, ,, ,,2523421.258,8006.285136,3154.652968,392122.1584
62,4,Druid Hill Park,0,0,0,0,0,0,0,0,0,0,0,0,0,0,0,0,0,0,0,0,0,0,0,0,0,0,0,0,0,0,0,0,0,0,0,0.97471749,0,0,0,0, ,, ,,27173455.58,22839.3689,9003.267254,4224309.79
63,3,Dunbar,889,47,734,1,91,0,1,15,8,343,546,75,102,24,28,154,166,74,197,69,170,25,11,9,3,136,80,385,367,1,366,18,14,0,4,0.17156584,5181.683891,-289,-211,1.98909997, ,, ,,4782962.254,9686.209065,3816.089757,742982.8479
64,3,Dundalk Marine Terminal,0,0,0,0,0,0,0,0,0,0,0,0,0,0,0,0,0,0,0,0,0,0,0,0,0,0,0,0,0,0,0,0,0,0,0,0.42808836,0,0,0,0, ,, ,,11934370.9,15859.53758,6253.560038,1851391.128
65,4,East Arlington,2432,18,2368,0,8,2,8,28,27,1036,1396,160,231,96,95,248,342,289,640,331,635,196,69,82,30,357,167,1067,1000,481,519,67,41,11,15,0.12934849,18801.91986,-27,-37,2.43199992, ,, ,,3606014.605,8629.668736,3403.339645,560714.4832
66,2,East Baltimore Midway,3034,40,2924,13,20,0,0,37,13,1407,1627,227,291,122,120,337,364,365,824,384,708,195,57,83,25,430,164,1556,1019,511,508,537,142,43,352,0.29982052,10119.38722,-1105,-303,2.9774301, ,, ,,8358483.119,12869.37248,5069.503781,1299089.258
67,3,Easterwood,1596,31,1539,6,3,0,1,16,26,727,869,114,160,73,85,182,204,177,412,189,353,93,27,41,16,219,108,775,561,291,270,214,39,5,170,0.07724201,20662.32895,-139,-93,2.84491991, ,, ,,2153375.282,5925.671318,2336.48632,334611.5353
68,5,Eastwood,577,486,25,1,10,1,29,25,74,281,296,34,40,14,16,58,101,81,144,89,137,84,31,19,7,34,13,270,253,188,65,17,4,6,7,0.02804998,20570.42299,36,0,2.28063011, ,, ,,781985.4976,4183.801775,1650.811997,121453.2345
69,3,Edmondson Village,3940,30,3832,6,2,0,4,66,32,1712,2228,272,298,185,179,464,475,404,1043,620,1044,334,89,100,33,610,274,1666,1493,943,550,173,64,19,90,0.18583065,21202.09944,-524,-89,2.63697004, ,, ,,5180640.568,9828.193102,3875.516225,804798.9084
70,2,Ednor Gardens-Lakeside,5185,802,4153,10,93,0,25,102,70,2284,2901,290,363,159,167,375,699,683,1464,985,1244,646,188,95,39,503,181,2410,2261,1604,657,149,72,29,48,0.51069282,10152.87411,117,333,2.27775001, ,, ,,14237242.01,18899.68036,7454.12481,2213913.385
71,5,Ellwood Park/Monument,3580,415,2647,44,72,7,276,119,501,1738,1842,323,416,163,180,486,601,435,795,181,789,217,77,94,46,478,261,1363,1047,365,682,316,175,26,115,0.13944485,25673.23062,74,-31,3.41929006, ,, ,,3887483.98,8537.080389,3363.068259,603899.2365
72,1,Evergreen,382,348,9,2,9,0,0,14,9,182,200,26,41,3,8,12,53,77,126,36,98,76,38,6,1,16,9,216,185,128,57,31,10,7,14,0.0575549,6637.140093,-25,-22,2.04324007, ,, ,,1604532.382,5208.913026,2054.559236,249601.6169
73,4,Evergreen Lawn,1132,10,1082,2,3,0,8,27,19,523,609,72,88,39,59,114,115,130,345,170,273,102,35,36,8,135,51,441,399,283,116,42,8,3,31,0.0534031,21197.26874,-91,-47,2.83709001, ,, ,,1488787.209,5620.077898,2214.002597,231271.7985
74,3,Fairfield,159,105,43,0,1,0,7,3,19,72,87,13,16,4,1,11,30,24,46,14,32,13,5,2,1,17,13,100,69,9,60,31,17,5,9,2.4042995,66.13152802,-60,0,2.30434989, ,, ,,67027755.16,82665.3373,32559.66037,10395167.6
75,1,Fairmont,347,10,322,7,1,0,3,4,2,166,181,21,22,4,11,32,29,42,101,85,82,40,5,11,3,31,7,164,143,104,39,21,8,5,8,0.16566149,2094.632796,-37,-20,2.42656993, ,, ,,4618358.942,10861.32207,4279.967136,717666.5367
76,1,Fallstaff,4219,1575,2031,23,102,25,382,81,589,1958,2261,343,331,140,176,431,607,494,1109,588,965,525,225,123,39,317,160,1935,1789,649,1140,146,108,13,25,0.2955371,14275.7031,312,96,2.3543899, ,, ,,8239068.735,13936.10992,5501.800498,1282301.737
77,4,Federal Hill,2600,2315,132,5,86,0,13,49,79,1349,1251,123,71,9,19,358,933,345,537,205,424,366,102,23,9,35,16,1554,1395,670,725,159,83,27,49,0.14891493,17459.63249,198,101,1.83369004, ,, ,,4151493.458,10057.51634,3961.884432,644569.5833
78,3,Fells Point,3976,3074,349,19,208,6,195,125,444,2141,1835,119,66,16,29,377,1467,621,937,344,620,475,92,62,17,83,29,2807,2246,681,1565,561,293,55,213,0.28805982,13802.68834,924,542,1.67808997, ,, ,,8030614.924,22094.16537,8706.839834,1247024.11
79,5,Forest Park,1560,25,1504,8,1,0,5,17,35,681,879,96,102,45,64,177,169,180,500,227,367,137,38,46,21,184,59,933,667,275,392,266,54,6,206,0.15508019,10059.31174,-147,-40,2.33882999, ,, ,,4323370.343,9202.000788,3627.252694,672114.4317
80,4,Forest Park Golf Course,392,11,376,0,0,0,2,3,9,185,207,34,36,9,14,45,35,45,103,71,93,34,9,18,7,41,15,136,126,105,21,10,1,1,8,0.10300755,3805.546265,61,0,3.11110997, ,, ,,2871674.216,7965.565859,3139.347308,446431.0822
81,4,Frankford,17694,2092,14595,67,400,4,115,421,362,8056,9638,1383,1708,654,748,2180,2672,2269,4617,1463,4175,1761,679,432,211,1982,1191,7894,7137,2970,4167,757,430,106,221,2.12482169,8327.286949,902,31,2.44359993, ,, ,,59236392.29,38658.58682,15242.21769,9210351.615
82,1,Franklin Square,2967,98,2728,22,11,0,62,46,108,1432,1535,249,275,103,118,324,369,351,859,319,649,144,39,84,38,421,207,1861,1172,296,876,689,168,23,498,0.17211564,17238.40929,-585,-220,2.5, ,, ,,4798289.713,9307.524702,3667.773874,745246.3852
83,1,Franklintown,1282,88,1170,4,1,0,9,10,28,559,723,120,155,59,60,164,212,159,287,66,316,102,44,32,17,182,117,546,500,107,393,46,28,2,16,0.59535569,2153.334567,-132,-60,2.54999995, ,, ,,16597497.85,22917.32365,9030.953958,2578957.838
84,1,Franklintown Road,1940,5,1885,5,8,0,6,31,31,909,1031,136,157,71,98,210,218,183,553,314,425,117,33,55,19,253,110,962,793,338,455,169,59,33,77,0.12289767,15785.48942,-425,-173,2.44640994, ,, ,,3426176.928,8198.191068,3233.308895,532240.8622
85,1,Garwyn Oaks,1132,19,1100,0,1,0,0,12,6,520,612,71,107,37,46,126,120,142,330,153,247,107,27,22,11,118,49,673,404,196,208,269,18,13,238,0.13135706,8617.732138,-442,-169,2.76237988, ,, ,,3662010.151,8082.237028,3188.92259,569203.7983
86,5,Gay Street,1998,21,1943,0,13,0,3,18,16,775,1223,227,288,104,90,229,262,171,359,268,441,70,33,25,9,346,240,927,800,83,717,127,50,5,72,0.10959025,18231.54793,-80,-19,2.47749996, ,, ,,3055188.765,7137.347825,2814.425435,474661.0329
87,2,Glen,7876,2949,4624,16,72,6,92,117,154,3605,4271,511,693,293,322,703,797,767,2103,1687,1822,1055,404,160,63,607,227,3630,3381,1641,1740,249,107,42,100,0.74724458,10540.05637,-235,-51,2.36824011, ,, ,,20831899.97,21572.49058,8507.221205,3241503.873
88,2,Glen Oaks,2887,212,2558,11,37,4,11,54,55,1282,1605,202,284,117,125,405,397,357,785,215,735,287,124,82,36,366,195,1300,1171,538,633,129,82,15,32,0.26925678,10722.10691,-45,-30,2.46540999, ,, ,,7506418.238,13893.74296,5487.190249,1168299.424
89,3,Glenham-Belhar,6175,2314,3573,31,59,1,43,154,124,2805,3370,390,543,242,304,554,855,860,1725,702,1476,775,326,138,67,563,305,2674,2422,1715,707,252,84,56,112,0.74944236,8239.459464,86,-38,2.4913299, ,, ,,20893170.5,19395.67434,7645.957274,3250462.431
90,2,Graceland Park,2011,1444,224,39,71,0,162,71,410,997,1014,137,157,45,55,205,312,215,562,323,465,296,93,52,14,117,51,830,741,551,190,89,31,24,34,0.31253865,6434.404117,292,35,2.69095993, ,, ,,8713042.749,17767.56563,7007.622928,1352916.191
91,5,Greektown,3678,2401,251,41,56,11,777,141,1293,1925,1753,289,281,124,86,346,844,454,777,477,827,508,199,115,41,204,99,1510,1309,664,645,201,98,38,65,0.22444475,16387.10609,384,-5,2.80977988, ,, ,,6257135.61,13857.84615,5461.945462,971690.9471
92,3,Greenmount Cemetery,0,0,0,0,0,0,0,0,0,0,0,0,0,0,0,0,0,0,0,0,0,0,0,0,0,0,0,0,0,0,0,0,0,0,0,0.1068963,0,0,0,0, ,, ,,2980085.944,6951.224029,2741.127154,463091.679
93,5,Greenmount West,1339,331,960,5,20,0,2,21,14,697,642,83,86,35,30,215,289,164,342,95,241,72,23,37,10,132,68,854,570,135,435,284,102,16,166,0.10012821,13372.85363,144,90,2.31052994, ,, ,,2791403.339,7365.444376,2904.056571,433770.2377
94,3,Greenspring,3436,22,3357,5,7,1,3,41,17,1512,1924,338,347,152,173,400,445,360,799,422,856,235,72,94,43,527,281,1513,1187,576,611,326,130,56,140,0.1738566,19763.41412,-562,-165,2.8761599, ,, ,,4846824.472,9653.227401,3807.908006,753771.6167
95,5,Grove Park,1934,21,1859,10,4,0,5,35,19,832,1102,126,129,76,83,201,218,197,517,387,489,192,54,53,21,244,124,945,871,406,465,74,38,5,31,0.34330437,5633.484932,-239,63,2.21929001, ,, ,,9570738.286,12781.65488,5040.059075,1488568.204
96,4,Guilford,2214,1810,221,2,100,3,16,62,70,1099,1115,132,218,80,79,139,134,327,775,330,610,552,232,13,6,45,20,941,876,791,85,65,7,7,51,0.55272714,4005.593004,116,65,2.52740001, ,, ,,15409086.91,19160.95599,7558.170915,2396565.36
97,5,Gwynns Falls,1184,641,479,9,3,0,12,40,51,593,591,85,116,47,58,117,167,166,327,101,285,137,52,49,22,99,47,511,439,244,195,72,19,8,45,0.17874824,6623.841268,1,-28,2.69704008, ,, ,,4983195.133,10144.01974,3995.749034,773691.5744
98,2,Gwynns Falls/Leakin Park,0,0,0,0,0,0,0,0,0,0,0,0,0,0,0,0,0,0,0,0,0,0,0,0,0,0,0,0,0,0,0,0,0,0,0,0.74538332,0,0,0,0, ,, ,,20780011.31,35837.04568,14123.30032,3228695.463
99,5,Hampden,6963,6208,314,18,186,1,60,176,221,3371,3592,356,304,114,126,640,1912,1005,1566,940,1417,933,248,170,69,314,131,3858,3432,1913,1519,426,164,68,194,0.61445428,11332.00663,-499,-35,2.01980996, ,, ,,17129933.74,19317.3124,7618.188037,2663581.318
100,2,Hanlon-Longwood,2311,23,2222,2,2,0,18,44,35,1029,1282,123,216,89,101,211,290,269,641,371,564,183,53,66,22,315,122,1133,898,533,365,235,60,25,150,0.43518338,5310.404933,-378,-148,2.57349991, ,, ,,12132167.98,15975.38984,6296.493704,1885779.095
101,1,Hamilton Hills,9752,2495,6837,17,94,1,89,219,266,4522,5230,777,885,324,373,1091,1482,1335,2670,815,2427,1152,421,258,132,1017,598,4410,4054,1972,2082,356,198,51,107,1.14193358,8539.901176,-28,-100,2.40305995, ,, ,,31835154.03,26493.08396,10452.21639,4954534.059
102,4,Harlem Park,3654,43,3524,7,22,0,6,52,29,1747,1907,236,287,118,128,400,419,405,1011,650,715,176,56,112,31,427,220,2648,1579,345,1234,1069,203,38,828,0.31217524,11704.96412,-1065,-320,2.25205993, ,, ,,8702911.438,12560.76747,4947.050124,1351904.163
103,3,Harwood,1575,324,1174,5,25,0,10,37,44,717,858,117,133,66,59,214,281,230,350,125,331,128,40,34,13,169,83,749,570,303,267,179,62,19,98,0.07093151,22204.51762,-208,1,2.75439, ,, ,,1977449.143,5914.224956,2333.272954,307389.692
104,2,Hawkins Point,0,0,0,0,0,0,0,0,0,0,0,0,0,0,0,0,0,0,0,0,0,0,0,0,0,0,0,0,0,0,0,0,0,0,0,1.96445879,0,0,0,0, ,, ,,54765749.11,55783.91164,21950.00441,8486319.231
105,2,Heritage Crossing,1029,30,958,2,17,0,5,17,25,428,601,102,123,34,45,139,145,128,252,61,254,61,26,27,16,166,104,446,437,156,281,9,5,0,4,0.08518165,12080.06597,629,244,2.35469007, ,, ,,2374718.724,7775.351616,3064.727607,368890.1122
106,3,Herring Run Park,0,0,0,0,0,0,0,0,0,0,0,0,0,0,0,0,0,0,0,0,0,0,0,0,0,0,0,0,0,0,0,0,0,0,0,0.24079362,0,0,0,0, ,, ,,6712914.211,12150.64987,4792.542573,1043788.736
107,1,Highlandtown,2666,1779,336,25,36,0,396,94,750,1414,1252,201,145,67,73,283,664,391,563,279,534,306,112,87,33,141,54,1315,1077,637,440,238,85,43,110,0.14210869,18760.28773,-155,-73,2.46982002, ,, ,,3961747.184,8604.633572,3388.372696,615284.4957
108,5,Hillen,2344,110,2178,2,10,0,10,34,24,1085,1259,146,187,89,91,277,289,260,669,336,584,254,76,62,27,268,111,980,898,679,219,82,39,20,23,0.16870856,13893.7818,-328,-84,2.61023998, ,, ,,4703306.064,9382.392896,3702.144144,731550.9021
109,2,Hoes Heights,865,626,145,4,56,2,8,24,28,421,444,51,38,16,19,62,185,142,232,120,209,134,48,26,4,49,23,461,428,272,156,33,10,6,17,0.07752859,11157.17334,-69,-11,2.02102994, ,, ,,2161364.605,6676.302272,2634.450282,336164.792
110,1,Holabird Industrial Park,0,0,0,0,0,0,0,0,0,0,0,0,0,0,0,0,0,0,0,0,0,0,0,0,0,0,0,0,0,0,0,0,0,0,0,0.56413698,0,0,0,0, ,, ,,15727173.59,32082.30035,12641.27279,2440996.982
111,4,Hollins Market,1838,561,1169,6,39,1,21,41,53,947,891,101,130,49,63,205,412,303,474,101,343,128,47,55,11,160,94,1144,853,220,633,291,86,31,174,0.10695453,17184.87284,-212,1,2.1547501, ,, ,,2981709.245,7921.826528,3118.997685,463064.2832
112,5,Homeland,3201,2782,232,5,116,0,18,48,80,1558,1643,256,311,101,108,232,230,502,1028,433,827,742,380,23,14,62,29,1191,1143,1019,124,48,11,15,22,0.61573724,5198.646096,113,8,2.6098001, ,, ,,17165700.41,18261.95856,7203.074405,2671278.627
113,2,Hopkins Bayview,103,53,32,0,8,0,9,1,15,46,57,2,3,1,2,2,17,12,20,44,11,7,1,0,0,4,2,22,20,11,9,2,0,1,1,0.41529041,248.0192095,-355,-99,2.40000009, ,, ,,11577585.94,16512.95431,6503.628527,1798264.514
114,1,Howard Park,5929,174,5588,16,19,0,36,96,104,2737,3192,305,442,224,242,519,609,714,1799,1075,1438,671,185,146,44,621,235,2578,2335,1521,814,243,84,26,133,1.05748092,5606.720514,-189,43,2.51777005, ,, ,,29480758.32,24848.89981,9803.202862,4583867.213
115,4,Hunting Ridge,1296,365,882,3,4,1,5,36,25,613,683,96,98,45,36,107,146,192,398,178,349,214,85,31,13,104,45,616,563,398,165,53,26,12,15,0.26182773,4949.819368,125,46,2.30194997, ,, ,,7299309.164,11845.63946,4667.905242,1133893.518
116,4,Idlewood,2676,349,2228,1,25,1,23,49,65,1200,1476,173,256,114,129,253,401,384,754,212,700,316,146,64,24,320,160,1144,1084,848,236,60,15,34,11,0.20800497,12865.07664,-34,4,2.46217989, ,, ,,5798822.82,10299.39101,4061.450032,902641.3058
117,5,Inner Harbor,1484,1144,125,2,158,0,22,33,81,758,726,58,17,1,3,93,460,240,447,165,317,277,45,17,6,23,8,1443,922,437,485,521,90,246,185,0.24140182,6147.426582,843,502,1.58677005, ,, ,,6729869.744,37141.69835,14637.40055,1045049.217
118,1,Irvington,4167,429,3593,22,13,1,12,97,55,1863,2304,308,413,196,205,436,579,478,1130,422,983,340,126,107,47,536,307,1740,1510,713,797,230,82,20,128,0.88885172,4688.071011,-234,-103,2.60595989, ,, ,,24779664.78,27199.01793,10714.72941,3847358.347
119,2,Johns Hopkins Homewood,669,394,28,1,203,1,9,33,41,364,305,4,0,0,5,646,8,4,2,0,4,1,1,1,0,2,2,13,9,3,6,4,3,0,1,0.25650034,2608.183579,-1302,0,2, ,, ,,7150790.741,13201.77229,5209.636782,1111840.572
120,1,Johnston Square,1906,36,1831,7,3,0,11,18,20,867,1039,112,154,80,87,197,189,200,640,247,452,114,32,49,17,289,103,1054,793,337,456,261,27,18,216,0.17087755,11154.1857,-821,-174,2.40352988, ,, ,,4763773.82,10541.9617,4152.602709,740157.2532
121,1,Jones Falls Area,0,0,0,0,0,0,0,0,0,0,0,0,0,0,0,0,0,0,0,0,0,0,0,0,0,0,0,0,0,0,0,0,0,0,0,0.28001205,0,0,0,0, ,, ,,7806256.902,23820.97855,9395.078087,1213420.615
122,1,Jonestown,1367,318,918,8,67,0,21,35,63,786,581,101,122,28,33,120,302,185,433,43,228,80,37,13,8,135,84,432,381,127,254,51,30,13,8,0.13445953,10166.62752,814,308,2.50656008, ,, ,,3748501.682,8888.955561,3504.063066,582205.9669
123,4,Bayview,2263,1481,234,7,123,0,342,76,519,1151,1112,189,133,53,74,221,479,284,522,308,502,285,124,76,31,141,62,1114,968,520,448,146,60,20,66,0.09341616,24224.92906,87,-75,2.32851004, ,, ,,2604282.832,7482.447625,2946.181017,404467.7059
124,5,Kenilworth Park,1206,25,1167,1,2,0,3,8,10,546,660,74,98,37,51,96,130,152,349,219,325,156,38,30,9,139,63,545,494,315,179,51,27,7,17,0.14503175,8315.420186,-176,-47,2.44129991, ,, ,,4043237.161,9251.860418,3652.399569,629023.5061
125,1,Kernewood,726,326,354,0,19,0,12,15,20,330,396,46,63,35,34,66,76,92,219,95,166,99,52,16,6,51,23,321,256,200,56,65,8,4,53,0.07195671,10089.39918,203,45,2.75, ,, ,,2006030,6813.50185,2686.12709,312056.6442
126,5,Keswick,650,553,42,0,39,0,0,16,13,294,356,34,44,20,13,22,63,106,212,136,181,151,54,6,3,24,12,322,313,273,40,9,3,1,5,0.07997295,8127.747613,26,0,2.07667994, ,, ,,2229509.131,8852.934058,3490.138735,346791.8296
127,5,Kresson,440,201,116,2,13,0,97,11,145,247,193,30,36,17,18,54,92,72,97,24,86,31,17,19,4,36,22,191,152,47,105,39,19,4,16,0.26794341,1642.137755,43,16,2.8947401, ,, ,,7469803.854,13318.71046,5248.255516,1160357.158
128,2,Lake Evesham,543,427,90,2,5,0,3,16,11,275,268,39,47,12,13,80,72,88,142,50,123,87,41,9,4,27,19,253,228,146,82,25,8,10,7,0.07108995,7638.209835,60,1,2.38158011, ,, ,,1981866.297,6184.790224,2438.28191,308471.769
129,4,Lake Walker,2095,1063,762,3,89,5,119,54,183,955,1140,174,116,40,32,288,393,282,513,257,419,242,108,48,23,129,66,1190,1059,424,635,131,96,11,24,0.20295479,10322.49574,10,-97,1.96977996, ,, ,,5658032.304,10861.49006,4282.333564,880731.6236
130,2,Lakeland,4551,1370,2509,12,132,3,421,104,889,2289,2262,403,537,195,216,492,813,590,968,337,1069,469,217,158,85,442,257,1739,1581,736,845,158,85,22,51,0.54808907,8303.394802,271,47,2.87792992, ,, ,,15279785.43,15962.78561,6283.40698,2370830.061
131,3,Langston Hughes,1036,9,1006,0,0,0,8,13,12,492,544,67,115,44,42,111,112,126,290,129,236,76,24,24,13,136,55,435,332,175,157,103,30,9,64,0.06047174,17131.96847,-132,-48,3.12048006, ,, ,,1685848.706,5157.419828,2033.959936,262228.7788
132,4,Lauraville,4151,1698,2222,22,52,1,47,109,120,1930,2221,231,345,159,178,352,559,559,1241,527,944,562,205,80,34,302,143,1703,1549,1139,410,154,55,28,71,0.59131377,7019.961635,-224,-78,2.58811998, ,, ,,16484815.94,20785.0177,8198.276267,2564380.635
133,3,Levindale,1218,180,1018,5,1,0,0,14,10,564,654,39,53,22,34,75,72,87,352,484,197,82,14,20,5,95,41,531,493,182,311,38,31,0,7,0.14782164,8239.659438,-21,-2,1.89249002, ,, ,,4121014.421,8920.873332,3517.012783,641181.1195
134,3,Liberty Square,770,9,740,1,2,0,9,9,3,323,447,41,42,15,35,74,88,91,214,170,174,52,14,25,5,97,41,405,371,83,288,34,16,3,15,0.11702097,6580.016914,9,55,2.07546997, ,, ,,3262344.522,8544.129198,3367.333325,507139.2731
135,4,Little Italy,576,494,21,0,21,0,21,19,50,300,276,27,6,2,1,51,169,91,134,95,105,72,17,12,1,21,3,393,322,172,150,71,33,16,22,0.05003339,11512.31043,23,35,1.78882002, ,, ,,1394845.48,5216.832096,2055.522357,216617.1121
136,5,Loch Raven,6163,505,5422,4,120,0,22,90,110,2557,3606,347,474,191,216,653,914,701,1647,1020,1401,614,184,125,53,662,322,2978,2838,1143,1695,140,62,23,55,0.57044916,10803.76723,133,92,2.10747003, ,, ,,15903146.4,19133.19536,7550.717454,2474929.54
137,1,Locust Point,2138,2019,27,7,53,1,10,21,37,1081,1057,117,55,23,30,173,714,319,508,199,461,355,103,39,10,67,18,1292,1046,741,305,246,40,127,79,0.13429989,15919.59554,209,151,2.03823995, ,, ,,3744051.2,9958.625684,3924.476229,581165.4472
138,4,Locust Point Industrial Area,642,547,33,1,31,0,9,21,23,336,306,69,13,2,3,60,199,121,137,38,159,139,52,12,5,8,1,388,289,230,59,99,20,55,24,0.79815532,804.3547151,565,260,2.20414996, ,, ,,22251204.44,58571.14548,23078.79736,3453732.268
139,3,Lower Herring Run Park,0,0,0,0,0,0,0,0,0,0,0,0,0,0,0,0,0,0,0,0,0,0,0,0,0,0,0,0,0,0,0,0,0,0,0,0.08696272,0,0,0,0, ,, ,,2424371.801,8050.465609,3174.107263,376867.2538
140,3,Loyola/Notre Dame,3208,2780,188,7,108,1,40,84,158,1195,2013,2,0,2,6,3132,32,3,22,9,13,11,4,1,0,1,0,15,15,13,2,0,0,0,0,0.30078127,10665.55766,-864,-481,2.66667008, ,, ,,8385267.059,17177.4419,6776.807734,1304514.124
141,5,Lucille Park,567,9,548,3,1,0,0,6,5,301,266,40,48,11,24,64,59,99,172,50,110,26,8,11,5,73,28,220,159,75,84,61,7,1,53,0.10481052,5409.761946,51,-1,3.05660009, ,, ,,2921938.105,9489.166115,3738.588481,454453.5916
142,1,Madison Park,2134,305,1730,8,31,2,9,49,38,986,1148,191,215,62,65,317,379,237,502,166,403,93,25,39,20,271,191,1316,1033,101,932,283,147,13,123,0.15908533,13414.1842,-6,-55,1.98837995, ,, ,,4435026.89,14263.20634,5622.312012,689098.7027
143,2,Madison Eastend,2487,54,2371,10,6,0,15,31,53,1141,1346,271,297,112,152,293,316,294,555,197,599,151,54,66,27,382,200,916,746,312,434,170,73,6,91,0.104293,23846.27918,30,1,3.31903004, ,, ,,2907510.348,7197.115493,2835.09137,451710.8365
144,4,Mayfield,861,638,166,1,17,0,3,36,24,404,457,59,43,25,27,63,96,126,328,94,224,172,66,10,3,42,18,375,354,319,35,21,2,9,10,0.13002813,6621.643632,-95,-15,2.41525006, ,, ,,3624961.975,8117.617045,3200.234145,563616.6089
145,3,McElderry Park,4033,382,3238,33,48,0,190,142,473,1916,2117,411,524,202,230,533,615,522,790,206,877,229,107,109,43,539,325,1719,1172,341,831,547,187,52,308,0.12646332,31890.66801,-426,-156,3.43857002, ,, ,,3525581.133,8044.492459,3169.387448,547674.9241
146,3,Medfield,2748,2074,337,7,216,0,48,66,113,1323,1425,141,158,77,58,251,671,425,669,298,634,419,149,50,28,165,84,1406,1327,787,540,79,39,17,23,0.2601958,10561.27727,-12,-8,2.07083988, ,, ,,7253813.606,10675.33319,4211.809384,1128205.067
147,3,Medford,1412,664,379,16,35,2,251,65,423,721,691,107,101,25,46,165,281,202,342,143,317,152,50,56,21,109,56,610,578,202,376,32,21,2,9,0.154009,9168.295181,229,24,2.44290995, ,, ,,4293507.415,8548.495175,3367.631774,666628.3406
148,4,Mid-Govans,1465,135,1271,2,21,0,1,35,18,661,804,103,150,66,77,153,188,185,390,153,352,149,58,30,14,173,78,596,512,349,163,84,27,13,44,0.12883738,11370.92272,-75,-47,2.84570002, ,, ,,3591765.915,7206.922249,2841.9623,558906.5172
149,3,Mid-Town Belvedere,3830,2298,1001,17,329,0,39,146,178,1957,1873,66,45,9,15,655,1468,520,761,291,365,261,37,42,9,62,21,3005,2550,413,2137,455,263,31,161,0.2209043,17337.82394,636,325,1.44471001, ,, ,,6158434.027,10698.23519,4218.140906,956864.189
150,5,Middle Branch/Reedbird Parks,0,0,0,0,0,0,0,0,0,0,0,0,0,0,0,0,0,0,0,0,0,0,0,0,0,0,0,0,0,0,0,0,0,0,0,0.36427893,0,0,0,0, ,, ,,10155473.2,30219.72381,11902.42874,1575430.005
151,1,Middle East,1484,54,1408,2,6,0,8,6,26,667,817,117,152,41,63,158,174,146,376,257,313,86,23,43,15,184,100,913,628,155,473,285,32,7,246,0.19801392,7494.422297,-2069,-518,2.33438992, ,, ,,5520289.419,9473.716669,3733.613524,857652.2659
152,2,Midtown Edmondson,1663,19,1623,1,1,0,5,14,7,807,856,102,174,56,88,206,199,179,474,185,382,99,26,50,12,233,94,1112,544,211,333,568,28,10,530,0.14956529,11118.88986,-665,-255,3.0569899, ,, ,,4169624.336,11871.38138,4680.296527,647711.9171
153,2,Mill Hill,1787,711,917,8,36,1,54,60,93,846,941,149,202,76,92,191,227,200,466,184,374,159,66,40,13,175,103,843,672,224,448,171,36,10,125,0.20979569,8517.810618,-63,-34,2.65922999, ,, ,,5848744.911,11528.40222,4543.963812,908114.2528
154,5,Milton-Montford,1391,21,1305,9,10,0,23,23,39,623,768,153,162,58,61,200,188,154,327,88,315,67,33,56,17,192,92,744,416,139,277,328,39,6,283,0.056786,24495.47215,-156,-63,3.34375, ,, ,,1583096.625,5033.457196,1984.161437,245949.1514
155,2,Mondawmin,3512,41,3374,13,13,2,14,55,51,1488,2024,180,256,115,136,902,370,314,786,453,643,178,51,92,27,373,160,1522,1145,478,667,377,79,11,287,0.38277174,9175.180815,-44,-170,2.5301299, ,, ,,10671021.22,13837.75202,5453.904273,1658451.032
156,1,Montebello,117,19,84,0,1,0,8,5,8,53,64,24,19,8,4,5,23,11,19,4,7,5,3,1,1,1,0,22,16,11,5,6,3,0,3,0.4641626,252.0668357,-361,-2,2.625, ,, ,,12940059.11,15669.33639,6180.033525,2012287.512
157,5,Moravia-Walther,999,375,582,3,5,0,3,31,21,473,526,63,79,33,38,88,113,177,312,96,256,159,66,16,9,81,37,432,409,338,71,23,8,9,6,0.13101388,7625.146149,-79,-5,2.42543005, ,, ,,3652442.806,8864.345977,3496.908889,568075.1307
158,3,Morgan Park,256,3,243,0,0,0,0,10,1,113,143,11,15,7,8,17,23,27,76,72,69,45,6,3,1,21,5,121,114,100,14,7,2,0,5,0.07261075,3525.648409,0,0,2.24560999, ,, ,,2024263.631,5822.753812,2296.971004,314903.3321
159,2,Morgan State University,1790,48,1698,2,14,1,0,27,5,769,1021,4,4,1,26,1686,41,9,15,4,9,2,0,2,1,5,3,37,25,5,20,12,9,2,1,0.26376592,6786.320027,1790,25,2.27999997, ,, ,,7353342.635,20842.81342,8221.140843,1143872.221
160,5,Morrell Park,4204,3208,586,26,132,9,114,129,217,2058,2146,277,349,162,124,393,685,543,1153,518,977,561,195,104,45,312,141,1832,1688,1127,561,144,27,30,87,0.83863166,5012.927822,49,0,2.49052, ,, ,,23379615.47,19042.16406,7499.499913,3628506.248
161,3,Mosher,1589,15,1542,7,4,0,0,21,17,701,888,124,156,68,80,199,170,171,410,211,387,87,30,61,22,239,100,786,548,233,315,238,68,12,158,0.11526371,13785.77841,-420,-120,2.86679005, ,, ,,3213355.03,7162.685692,2824.028169,499179.6016
162,2,New Southwest/Mount Clare,2313,764,1190,27,67,0,165,100,267,1143,1170,224,260,109,112,260,361,305,528,154,456,148,76,97,33,211,123,1141,751,257,494,390,46,49,295,0.11823957,19561.97903,-80,-71,2.94007992, ,, ,,3296316.859,8639.524136,3403.607041,511863.2244
163,4,Mount Holly,1279,21,1238,0,2,0,5,13,14,656,623,71,98,49,71,113,142,178,415,142,283,93,28,47,16,143,70,705,495,195,300,210,85,9,116,0.12392056,10321.12828,-381,-122,2.48283004, ,, ,,3454693.132,9461.438366,3727.851019,536893.2288
164,5,Mount Vernon,4818,2842,1257,12,458,3,67,179,229,2379,2439,71,38,14,24,1053,1740,521,670,687,424,291,46,35,14,98,38,3860,3352,241,3111,508,298,7,203,0.22666112,21256.40208,299,322,1.36545002, ,, ,,6318924.218,11595.6359,4570.638091,981628.7677
165,4,Mount Washington,3878,2804,822,11,81,3,37,120,107,1760,2118,221,312,144,132,155,443,580,1253,638,1001,802,330,45,22,154,85,1721,1649,1298,351,72,17,27,28,1.24104049,3124.79732,-2,-15,2.30079007, ,, ,,34598084.83,26939.65403,10622.88694,5384579.551
166,4,Mount Winans,748,21,709,3,3,0,0,12,15,323,425,59,85,26,36,74,85,86,207,90,192,55,15,17,6,120,55,372,286,179,107,86,9,2,75,0.07656696,9769.226466,-282,-57,2.61538004, ,, ,,2134555.879,6320.890157,2489.36659,331262.2273
167,3,Mt Pleasant Park,0,0,0,0,0,0,0,0,0,0,0,0,0,0,0,0,0,0,0,0,0,0,0,0,0,0,0,0,0,0,0,0,0,0,0,0.25298873,0,0,0,0, ,, ,,7052893.062,14642.98971,5780.208613,1097756.25
168,4,New Northwood,4972,134,4677,7,30,1,46,77,102,2272,2700,286,313,154,231,1013,611,529,1148,687,1174,467,123,107,41,600,264,2092,1940,959,981,152,73,24,55,0.32088432,15494.68005,-2028,-69,2.39123988, ,, ,,8945705.875,15961.07864,6300.838729,1391684.57
169,2,North Harford Road,5380,3437,1672,13,50,2,99,107,251,2583,2797,356,429,160,171,442,808,842,1487,685,1352,875,353,138,50,339,153,2421,2221,1780,441,200,63,51,86,0.63995986,8406.777164,102,-34,2.42188, ,, ,,17840985.8,19737.96746,7783.306258,2776876.918
170,3,North Roland Park/Poplar Hill,1450,992,169,1,262,0,1,25,19,708,742,70,100,57,58,106,170,196,440,253,364,310,123,10,5,44,29,663,620,361,259,43,13,10,20,0.61312719,2364.925267,196,33,2.33871006, ,, ,,17092936.88,19427.92944,7661.258952,2660495.477
171,3,Northwest Community Action,1896,18,1823,5,0,0,3,47,25,846,1050,129,199,92,86,226,196,233,508,227,415,110,39,52,13,253,116,782,616,326,290,166,39,11,116,0.11595587,16351.04755,-184,-85,2.99025988, ,, ,,3232651.291,8579.806382,3380.961919,502305.8912
172,5,ODonnell Heights,763,80,653,1,0,0,6,23,37,273,490,115,134,45,47,85,111,65,123,38,206,13,6,8,2,185,130,289,275,6,269,14,2,3,9,0.15790099,4832.141901,-1311,-416,2.77454996, ,, ,,4402009.409,9880.783222,3893.132812,683468.1921
173,1,Oakenshawe,1144,823,130,2,134,1,18,36,50,604,540,49,53,18,15,280,218,169,249,93,180,132,55,16,7,32,14,575,505,262,243,70,30,17,23,0.06250668,18302.04204,65,6,2.2653501, ,, ,,1742579.432,5903.247271,2326.996193,270952.505
174,5,Oaklee,754,445,241,4,27,1,12,24,41,364,390,41,60,14,9,101,185,98,182,64,163,79,28,29,13,55,21,405,384,107,277,21,15,2,4,0.04074534,18505.17942,1,-22,1.96353995, ,, ,,1135910.603,5684.490406,2238.332718,176314.6392
175,2,Oldtown,2658,35,2535,2,38,1,3,44,11,1068,1590,286,367,110,129,232,405,243,636,250,632,102,31,49,21,481,335,1231,1177,168,1009,54,28,9,17,0.16738106,15879.93288,-883,-401,2.24809002, ,, ,,4666297.481,9578.219251,3774.863057,724904.4315
176,4,Oliver,4153,55,4016,6,11,1,8,56,39,1896,2257,302,342,172,228,460,455,460,1210,524,932,189,62,132,39,611,281,2514,1591,594,997,923,111,39,773,0.26293101,15795.01726,-1320,-359,2.60778999, ,, ,,7330066.827,10859.87526,4281.377892,1139032.871
177,1,Orangeville,202,145,25,2,1,1,17,11,23,99,103,15,11,8,4,24,27,29,55,29,44,30,11,6,1,8,4,101,85,62,23,16,2,7,7,0.36951726,546.6591669,-80,1,2.35294008, ,, ,,10301508.9,15682.10665,6178.712726,1600497.363
178,3,Orangeville Industrial Area,0,0,0,0,0,0,0,0,0,0,0,0,0,0,0,0,0,0,0,0,0,0,0,0,0,0,0,0,0,0,0,0,0,0,0,0.44537248,0,0,0,0, ,, ,,12416222.66,16424.41068,6477.09941,1929294.213
179,3,Original Northwood,1241,465,684,7,14,1,25,45,55,645,596,72,76,29,33,84,186,148,400,213,280,181,70,22,6,77,31,545,518,376,142,27,6,8,13,0.17242944,7197.146651,1,17,2.18146991, ,, ,,4807037.801,10610.45307,4188.3191,747642.0483
180,2,Otterbein,1823,1406,282,8,78,4,19,26,50,826,997,68,44,10,14,112,323,179,461,612,336,279,61,13,5,44,19,1275,1162,439,723,113,61,10,42,0.10251737,17782.35126,-402,-59,1.56885004, ,, ,,2858008.998,7204.220765,2838.980342,443786.3578
181,4,Overlea,774,506,235,3,6,0,13,11,21,381,393,43,59,25,33,43,104,113,251,103,174,101,41,21,3,52,31,324,297,236,61,27,6,7,14,0.30430461,2543.503955,63,14,2.52862, ,, ,,8483491.933,13968.52244,5513.071913,1320263.727
182,4,Panway/Braddish Avenue,1221,10,1197,1,0,2,0,11,4,508,713,62,90,63,60,123,129,151,359,184,313,102,31,26,10,185,77,574,507,343,164,67,22,8,37,0.08114838,15046.50968,-21,-33,2.40827989, ,, ,,2262278.161,6872.04385,2709.167448,351587.46
183,5,Park Circle,3153,65,3006,10,9,1,21,41,44,1463,1690,213,264,125,157,293,341,321,976,463,652,195,69,80,19,377,149,1560,1270,426,844,290,80,35,175,0.31055601,10152.75793,-680,-174,2.44566988, ,, ,,8657770.059,14082.49006,5556.215097,1346131.301
184,1,Parklane,2049,46,1967,9,7,0,4,16,20,905,1144,176,197,77,92,231,289,215,523,249,509,151,54,64,23,294,154,814,719,324,395,95,36,6,53,0.12385896,16543.00877,-80,-37,2.7246201, ,, ,,3452976.051,8236.856013,3246.811409,537087.0691
185,5,Parkside,2683,281,2231,10,88,0,14,59,28,1261,1422,178,240,101,110,329,408,369,777,171,694,278,114,74,26,342,165,1190,1113,575,538,77,40,12,25,0.11749987,22834.06694,134,40,2.41059994, ,, ,,3275695.397,8597.024639,3389.473951,509232.1576
186,5,Parkview/Woodbrook,1981,35,1889,3,3,0,9,42,25,924,1057,156,157,89,105,220,227,242,602,183,407,114,37,58,26,235,109,1105,755,292,463,350,75,8,267,0.0985475,20101.98052,-353,-144,2.61059999, ,, ,,2747335.738,7362.813241,2902.843574,427018.9345
187,5,Patterson Park,0,0,0,0,0,0,0,0,0,0,0,0,0,0,0,0,0,0,0,0,0,0,0,0,0,0,0,0,0,0,0,0,0,0,0,0.22589095,0,0,0,0, ,, ,,6297453.075,10773.74096,4244.180414,978048.701
188,4,Patterson Place,1165,558,413,14,32,1,114,33,270,602,563,78,92,31,35,130,336,200,205,58,223,104,46,32,15,87,44,573,432,211,221,141,55,38,48,0.03800757,30651.78706,-61,-8,2.68518996, ,, ,,1059586.053,4249.999228,1675.835776,164585.138
189,1,Pen Lucy,3078,152,2838,16,4,3,20,45,43,1383,1695,245,265,117,140,331,455,384,826,315,680,211,75,86,38,383,201,1483,1250,438,812,233,160,24,49,0.17157715,17939.45081,-184,-62,2.43440008, ,, ,,4783277.53,9278.92305,3659.086745,743944.9942
190,1,Penn North,1846,19,1780,3,5,0,4,35,10,849,997,153,154,82,95,201,228,243,467,223,392,109,51,54,15,229,95,1074,686,244,442,388,75,6,307,0.13520164,13653.68004,-496,-164,2.69095993, ,, ,,3769190.46,8974.817992,3537.709108,585768.957
191,3,Penn-Fallsway,6423,967,5374,5,9,3,52,13,147,5866,557,9,25,7,107,1524,1916,1434,1352,49,0,0,0,0,0,0,0,5,1,0,1,4,4,0,0,0.13446333,47767.66943,0,0,1, ,, ,,3748607.564,8958.024827,3532.653934,582331.5973
192,5,Penrose/Fayette Street Outreach,3266,41,3167,11,2,0,4,41,22,1554,1712,203,278,131,151,364,346,341,926,526,737,202,43,106,23,429,167,1579,1174,540,634,405,63,16,326,0.35292928,9253.97836,-542,-132,2.77256989, ,, ,,9839064.524,17648.90408,6951.108356,1528187.122
193,1,Perkins Homes,1649,26,1584,12,0,0,5,22,16,645,1004,200,305,94,98,194,265,151,279,63,411,32,15,24,10,355,282,636,614,3,611,22,16,0,6,0.03706349,44491.22102,95,-44,2.68566989, ,, ,,1033266.713,4083.653774,1609.110945,160470.0487
194,3,Perring Loch,3014,116,2839,6,9,0,9,35,28,1327,1687,178,236,113,122,308,303,339,921,494,797,411,89,48,15,338,120,1164,1124,1005,119,40,4,8,28,0.21869692,13781.62936,-108,32,2.68148994, ,, ,,6096896.04,10666.45773,4204.804153,948597.8852
195,1,Pimlico Good Neighbors,1102,30,1048,0,3,0,12,9,12,517,585,60,82,46,42,118,90,117,310,237,248,87,21,28,12,133,51,506,449,233,216,57,11,5,41,0.29570385,3726.701497,-67,-37,2.41870999, ,, ,,8243717.382,11944.1274,4707.417446,1282634.789
196,5,Pleasant View Gardens,713,7,699,1,0,0,2,4,4,266,447,53,68,28,41,77,79,57,164,146,176,26,11,11,1,139,67,352,331,23,308,21,3,0,18,0.04600013,15499.95407,-262,-61,2.15407991, ,, ,,1282405.07,4876.435648,1921.160874,199194.2874
197,5,Poppleton,3105,74,2980,8,4,0,8,31,25,1388,1717,267,372,134,149,313,406,295,803,366,674,111,39,60,26,503,305,1625,1263,209,1054,362,89,5,268,0.18214708,17046.66269,-146,-27,2.33729004, ,, ,,5077949.115,9329.037899,3674.543565,788697.0336
198,5,Port Covington,0,0,0,0,0,0,0,0,0,0,0,0,0,0,0,0,0,0,0,0,0,0,0,0,0,0,0,0,0,0,0,0,0,0,0,0.33193435,0,0,0,0, ,, ,,9253761.59,21963.76858,8654.032179,1436141.784
199,1,Pulaski Industrial Area,123,76,25,0,1,0,16,5,27,62,61,11,6,3,4,14,29,11,27,18,30,15,4,3,2,12,6,184,55,28,27,129,11,3,115,1.96771433,62.5090736,41,19,2.23636007, ,, ,,54856507.79,63974.86556,25218.535,8522590.859
200,3,Purnell,849,26,809,3,5,0,2,4,8,366,483,73,117,36,33,86,217,122,140,25,214,77,38,22,17,115,84,341,325,17,308,16,11,0,5,0.03875637,21906.07127,152,59,2.61230993, ,, ,,1080461.514,6216.195649,2449.025537,167952.8673
201,2,Radnor-Winston,684,419,230,1,11,0,5,18,22,312,372,39,72,21,14,94,44,107,193,100,150,101,49,8,3,41,24,239,229,163,66,10,3,2,5,0.07858822,8703.594029,81,-30,2.54585003, ,, ,,2190905.189,6307.966896,2488.234983,340847.5925
202,3,Ramblewood,1705,100,1568,3,10,0,0,24,9,776,929,83,140,82,68,180,215,199,570,168,449,234,78,37,11,178,78,686,654,560,94,32,5,17,10,0.15585434,10939.70148,-315,-110,2.60702991, ,, ,,4344952.368,8775.583371,3462.532058,676225.189
203,4,Reisterstown Station,1968,131,1700,8,26,2,52,49,116,898,1070,113,144,65,83,210,285,246,602,220,483,203,69,44,14,236,88,912,840,349,491,72,57,5,10,0.45328545,4341.635045,-23,8,2.32261991, ,, ,,12636822.57,18538.77852,7314.361736,1966148.804
204,3,Remington,2458,1440,643,8,213,0,63,91,113,1279,1179,120,155,71,70,394,608,323,533,184,463,232,76,70,27,161,69,1250,1072,521,551,178,70,32,76,0.24541272,10015.78066,157,100,2.29291009, ,, ,,6841686.678,12677.83159,5002.675535,1063504.807
205,5,Reservoir Hill,6140,522,5415,30,22,0,23,128,112,2862,3278,465,557,207,200,596,958,786,1857,514,1280,390,129,168,61,722,416,3840,2904,685,2219,936,393,114,429,0.30460629,20157.16717,-761,-166,2.10606002, ,, ,,8491902.155,13876.28962,5465.395747,1319780.57
206,3,Richnor Springs,676,6,649,8,2,0,0,11,2,288,388,38,70,26,27,55,83,80,185,112,164,53,16,18,3,93,36,297,256,169,87,41,24,2,15,0.03340118,20238.80041,17,-6,2.64063, ,, ,,931167.986,4392.389867,1730.991089,144853.6314
207,2,Ridgely's Delight,884,578,203,3,66,1,9,24,32,453,431,33,21,6,11,162,388,101,123,39,114,78,21,9,4,27,10,477,416,147,269,61,26,3,32,0.04905133,18021.93602,-44,-5,2.125, ,, ,,1367467.235,5157.61952,2033.547518,212350.924
208,3,Riverside,5671,5275,122,6,143,2,33,90,159,2847,2824,301,161,38,44,690,2163,867,987,420,1096,873,257,76,18,147,42,3116,2820,1799,1021,296,97,85,114,0.29520816,19210.17317,212,204,2.00921988, ,, ,,8229898.431,14636.8385,5765.944158,1277585.443
209,1,Rognel Heights,1695,20,1632,9,6,0,5,23,24,767,928,73,116,53,71,148,146,212,462,414,463,185,38,54,9,224,76,724,668,529,139,56,18,12,26,0.16992194,9975.168251,-459,-114,2.52694988, ,, ,,4737133.027,8701.431719,3429.889632,735870.5933
210,4,Roland Park,5269,4141,480,23,465,1,48,111,170,2427,2842,197,409,148,125,386,700,613,1344,1347,1062,936,402,31,16,95,44,2391,2188,1190,998,203,118,14,71,0.95749711,5502.88867,573,-61,2.21891999, ,, ,,26693380.66,34818.78257,13738.22082,4152822.965
211,3,Rosebank,394,191,175,4,4,0,2,18,8,181,213,19,28,9,7,32,72,71,122,34,85,50,18,10,6,25,13,233,204,103,101,29,17,0,12,0.06613982,5957.076862,-47,-33,1.91175997, ,, ,,1843865.022,7003.379025,2764.239237,286963.7311
212,4,Rosemont,3102,17,3021,5,3,0,10,46,22,1452,1650,301,399,167,151,327,428,292,741,296,710,163,54,98,26,449,238,1233,1031,468,563,202,76,16,110,0.17417469,17809.70522,-35,-88,3.00872993, ,, ,,4855692.435,8937.802729,3525.020004,754458.9749
213,2,Rosemont East,1871,724,1032,19,30,1,10,55,28,882,989,78,172,75,94,152,273,245,553,229,446,235,92,47,25,164,82,888,808,472,336,80,28,7,45,0.2520888,7421.987553,-19,-43,2.3155899, ,, ,,7027804.531,11961.60421,4716.43606,1093523.609
214,1,Rosemont Homeowners/Tenants,1460,14,1413,3,0,0,9,21,11,679,781,102,120,62,79,157,137,153,431,219,335,100,23,46,16,189,67,635,497,288,209,138,44,4,90,0.06302283,23166.20787,-284,-94,2.93359994, ,, ,,1756968.66,7028.552808,2766.811046,272913.71
215,2,Sabina-Mattfeldt,172,156,5,0,6,0,0,5,2,79,93,6,14,5,1,6,20,38,54,28,43,35,13,0,0,8,6,92,86,74,12,6,0,5,1,0.11814473,1455.841437,-21,-6,2, ,, ,,3293672.991,10305.52862,4069.986001,512648.7726
216,3,Saint Agnes,671,325,322,5,4,0,5,10,12,307,364,21,33,22,15,39,46,75,184,236,88,48,17,12,8,28,14,307,299,104,195,8,2,1,5,0.08329936,8055.28347,42,53,1.76923, ,, ,,2322243.735,6943.973015,2735.733604,360517.2347
217,5,Saint Helena,602,496,55,6,0,5,18,22,41,276,326,43,43,21,22,60,91,81,174,67,142,80,27,16,11,46,20,251,230,144,86,21,8,6,7,0.05670624,10616.11552,62,16,2.61738991, ,, ,,1580872.932,6293.113881,2481.225539,245327.3826
218,4,Saint Josephs,2032,35,1940,4,4,0,7,42,16,895,1137,125,191,94,81,193,233,203,585,327,517,154,38,63,15,300,105,848,720,507,213,128,42,19,67,0.13974825,14540.43203,-237,-82,2.82222008, ,, ,,3895942.162,9237.95446,3641.6115,605012.4684
219,2,Saint Paul,107,98,6,0,0,0,0,3,3,55,52,9,14,5,3,8,19,16,24,9,23,13,9,3,1,7,2,49,41,20,21,8,3,0,5,0.10368359,1031.985847,-61,-11,2.60976004, ,, ,,2890521.103,8150.349498,3210.543576,448660.4445
220,5,Sandtown-Winchester,8534,95,8304,7,20,0,13,95,51,3747,4787,694,886,352,429,997,1075,1023,2272,806,1901,398,139,233,84,1270,660,4096,3053,1186,1867,1043,156,34,853,0.40652175,20992.72621,-720,-215,2.71535992, ,, ,,11333130.89,14215.80616,5604.678492,1760865.726
221,2,South Baltimore,3450,3070,195,9,69,1,47,59,138,1851,1599,135,107,40,49,536,1388,450,532,213,558,395,108,74,23,89,31,1787,1585,911,674,202,73,51,78,0.12980718,26577.88075,-443,29,2.16719007, ,, ,,3618802.273,7843.053321,3092.013797,561752.9066
222,3,Seton Business Park,0,0,0,0,0,0,0,0,0,0,0,0,0,0,0,0,0,0,0,0,0,0,0,0,0,0,0,0,0,0,0,0,0,0,0,0.39103829,0,0,0,0, ,, ,,10901478.26,16335.32521,6445.577423,1695803.246
223,4,Seton Hill,1249,168,1036,5,14,0,1,25,30,513,736,104,106,33,49,139,204,142,354,118,248,62,20,15,3,171,116,731,646,100,546,85,49,8,28,0.07455378,16753.00621,-116,19,1.90711998, ,, ,,2078431.854,6752.299007,2662.029118,322868.8872
224,5,Sharp-Leadenhall,822,221,561,1,18,0,2,19,12,390,432,74,83,29,36,145,190,81,134,50,172,44,14,13,6,115,82,376,350,87,263,26,10,6,10,0.06906592,11901.67271,34,40,2.3485701, ,, ,,1925439.7,5659.97934,2230.741612,298935.6131
225,4,Shipley Hill,2110,56,2008,2,8,2,3,31,9,991,1119,183,207,73,120,237,262,243,558,227,487,123,47,71,20,293,150,1097,724,254,470,373,47,24,302,0.18235058,11571.11736,-344,-84,2.91436004, ,, ,,5083622.168,11741.32279,4625.916206,789471.7595
226,3,South Clifton Park,737,5,715,5,0,0,2,10,4,334,403,43,69,34,32,77,69,90,204,119,169,47,16,30,9,92,23,342,253,152,101,89,18,10,61,0.09437542,7809.236761,-480,-124,2.91303992, ,, ,,2631025.187,9645.485407,3796.783725,408901.7781
227,1,Spring Garden Industrial Area,0,0,0,0,0,0,0,0,0,0,0,0,0,0,0,0,0,0,0,0,0,0,0,0,0,0,0,0,0,0,0,0,0,0,0,0.27022408,0,0,0,0, ,, ,,7533384.95,16934.67565,6676.811712,1169301.099
228,3,Stadium Area,0,0,0,0,0,0,0,0,0,0,0,0,0,0,0,0,0,0,0,0,0,0,0,0,0,0,0,0,0,0,0,0,0,0,0,0.16416508,0,0,0,0, ,, ,,4576641.493,10097.10467,3982.248445,710618.5612
229,1,Stonewood-Pentwood-Winston,1405,147,1208,4,7,0,10,29,31,540,865,58,73,28,36,600,138,93,217,162,228,96,21,22,7,110,36,351,322,237,85,29,16,3,10,0.09327047,15063.71708,555,6,2.66459989, ,, ,,2600221.121,6890.194204,2717.638017,404507.7004
230,5,Taylor Heights,365,268,67,4,9,0,13,4,28,187,178,15,25,6,11,40,53,52,110,53,93,58,17,4,2,31,9,158,153,113,40,5,1,2,2,0.19123303,1908.666036,41,16,2.38562011, ,, ,,5331249.734,10341.74779,4080.308494,829848.7018
231,3,Ten Hills,1416,529,792,1,30,5,15,44,40,673,743,81,102,55,46,152,231,182,427,140,347,228,94,25,15,94,52,683,649,278,371,34,9,7,18,0.33319536,4249.759047,-178,-36,2.18181991, ,, ,,9288916.396,14038.449,5531.239716,1442597.727
232,4,The Orchards,494,433,32,2,19,0,1,7,9,241,253,33,69,15,19,12,18,74,179,75,154,135,65,4,1,15,10,197,191,187,4,6,0,2,4,0.21114478,2339.626844,33,3,2.58639001, ,, ,,5886355.145,12794.15247,5048.927209,916222.1144
233,1,Towanda-Grantley,1322,17,1284,4,0,0,1,16,6,638,684,86,116,41,57,151,149,171,389,162,320,92,18,43,11,185,82,613,460,209,251,153,39,10,104,0.13982165,9454.901939,-88,-30,2.79999995, ,, ,,3897988.325,9571.925006,3774.401837,606192.2589
234,2,Tremont,958,58,882,2,3,2,2,9,4,434,524,59,86,40,31,137,154,104,279,68,247,92,27,22,9,133,68,422,389,204,185,33,18,2,13,0.03521631,27203.30267,-37,-4,2.46271991, ,, ,,981770.5112,4252.067482,1676.890409,152452.949
235,3,Tuscany-Canterbury,3413,2380,153,1,790,1,21,67,122,1609,1804,102,48,9,18,803,808,317,630,678,568,490,105,22,5,56,17,2370,2160,763,1397,210,115,21,74,0.14552273,23453.38036,-34,-204,1.58009004, ,, ,,4056924.721,9288.310993,3665.062383,630941.4395
236,3,Union Square,1187,323,781,13,19,0,14,37,37,654,533,63,86,31,39,118,200,198,370,82,194,95,32,27,10,72,42,738,446,188,258,292,69,40,183,0.06631154,17900.35328,-138,-94,2.30716991, ,, ,,1848652.253,5892.069142,2320.405135,287093.4218
237,1,University Of Maryland,387,204,93,2,77,0,2,9,12,197,190,5,6,3,3,101,183,38,42,6,23,14,1,2,2,7,3,287,229,4,225,58,25,0,33,0.15100451,2562.837265,-828,-109,1.35371005, ,, ,,4209747.484,10060.55601,3966.771548,653836.3405
238,5,Uplands,820,15,790,1,6,0,2,6,10,354,466,54,75,32,37,79,89,90,255,109,208,93,32,11,5,104,39,325,301,240,61,24,4,7,13,0.19784931,4144.568347,-1703,-838,2.72425007, ,, ,,5515700.224,9921.975919,3911.360561,856659.7925
239,2,Upper Fells Point,3851,2904,264,13,142,1,387,140,832,1994,1857,227,139,50,55,503,1298,635,666,278,678,444,167,101,27,133,55,2157,1797,933,864,360,112,89,159,0.12729489,30252.58728,-338,-89,2.14301991, ,, ,,3548763.878,8691.736451,3423.950017,551138.467
240,3,Upton,5746,78,5546,13,8,3,20,78,73,2508,3238,559,750,251,262,634,700,584,1353,653,1191,201,85,133,55,857,538,3232,2406,329,2077,826,149,20,657,0.29300458,19610.6144,-575,-257,2.37157011, ,, ,,8168466.44,15623.00425,6160.600273,1269080.44
241,1,Villages Of Homeland,562.3255,428.8685,66.3225,0.5235,50.9465,0,4.047,11.6175,20.7585,210.102,352.2235,18.7585,22.7585,3.5235,9.047,181.666,88.6045,72.3225,125.175,40.47,71.658,49.47,19.188,3,3,19.188,11.141,316.995,289.619,165.0745,124.5445,27.376,14.188,4.5705,8.6175,0.03167454,17753.22835,312.3259888,115.6190033,1.93792998, ,, ,,883032.2416,3710.258847,1463.149042,137388.6998
242,2,Violetville,2506,2056,307,8,42,4,24,65,72,1094,1412,145,140,81,71,159,376,289,549,696,530,352,126,61,25,117,56,1156,1083,708,375,73,23,22,28,0.59282329,4227.229291,-171,-15,2.13111996, ,, ,,16526898.86,17886.6462,7047.047518,2565140.764
243,3,Wakefield,1772,68,1643,4,13,0,17,27,33,713,1059,135,154,54,70,225,266,185,465,218,384,89,34,44,22,251,155,1037,948,24,924,89,75,1,13,0.27299516,6490.957365,0,-22,1.86919999, ,, ,,7610638.065,14423.94153,5683.721685,1182789.782
244,5,Walbrook,2443,37,2374,3,5,0,1,23,19,1154,1289,138,203,79,135,252,262,268,713,393,532,164,43,60,22,308,123,1151,916,466,450,235,103,29,103,0.19943231,12249.77034,-367,-181,2.58951997, ,, ,,5559831.481,11191.81658,4409.282793,864034.6172
245,2,Waltherson,6980,1982,4683,13,78,1,67,156,130,3292,3688,421,624,298,315,650,946,1033,2096,597,1662,933,365,166,71,563,275,2953,2614,2024,590,339,86,69,184,0.73918769,9442.797884,172,5,2.66106009, ,, ,,20607287.8,22365.19618,8820.911483,3205262.42
246,5,Washington Hill,1969,590,1046,17,124,2,122,68,248,939,1030,121,132,55,38,211,483,299,493,137,373,166,57,39,11,168,89,1060,914,372,542,146,83,20,43,0.15719587,12525.77395,57,103,2.09190011, ,, ,,4382351.961,10205.18027,4020.762176,680666.3181
247,1,Washington Village,5116,2034,2611,12,265,1,60,133,177,2550,2566,380,409,141,185,553,1130,738,1155,425,1089,450,167,139,48,500,269,2720,2093,1028,1065,627,159,108,360,0.32680271,15654.70476,-294,55,2.39895009, ,, ,,9110700.333,16783.39144,6612.912211,1414680.994
248,3,Waverly,2789,431,2219,8,46,1,26,58,71,1296,1493,196,228,111,121,304,461,332,787,249,646,236,80,64,26,346,155,1269,1079,638,441,190,88,22,80,0.15461006,18038.92902,-386,-10,2.5848, ,, ,,4310264.014,8555.909888,3375.963774,670231.6543
249,3,West Arlington,2041,22,1973,6,4,0,16,20,27,951,1090,105,136,69,100,211,195,246,636,343,497,211,58,46,17,240,90,895,757,451,306,138,33,12,93,0.27270878,7484.17399,-208,-83,2.68032002, ,, ,,7602654.197,11687.70516,4607.223643,1182433.747
250,5,West Forest Park,2408,89,2271,5,4,0,10,29,26,1036,1372,180,217,82,82,272,334,284,633,324,633,203,68,53,20,377,198,1149,1014,388,626,135,63,9,63,0.37241143,6465.966921,-124,-12,2.37474989, ,, ,,10382193.33,20554.79446,8099.999665,1613786.795
251,5,West Hills,2159,139,1980,1,15,0,5,19,16,931,1228,119,173,91,105,192,235,256,667,321,542,253,91,37,11,252,114,970,936,567,369,34,11,6,17,0.33508615,6443.118997,2,31,2.30661988, ,, ,,9341628.622,19743.50522,7780.718811,1451178.623
252,5,Westfield,3141,1585,1377,13,42,4,26,94,110,1502,1639,203,284,102,150,233,429,523,890,327,799,470,198,73,29,256,120,1386,1243,989,254,143,31,47,65,0.42892015,7323.04127,-69,-37,2.51487994, ,, ,,11957559.83,14412.30813,5684.629778,1860779.696
253,2,Westgate,2683,709,1882,9,20,1,11,51,30,1268,1415,184,233,90,105,264,430,370,709,298,664,319,120,79,34,266,148,1145,1087,512,575,58,35,7,16,0.33289083,8059.699201,-191,-58,2.35695004, ,, ,,9280426.742,18851.35253,7427.035219,1441148.739
254,3,Westport,1593,165,1370,8,7,0,7,36,17,715,878,137,203,75,74,186,224,171,367,156,395,88,30,43,17,264,143,696,552,160,392,144,23,10,111,0.4977407,3200.461571,-591,-172,2.88586997, ,, ,,13876158.98,23475.08879,9249.893689,2153510.382
255,2,Wilson Park,632.3202,13.3254,597.9948,2,7,0,1,11,3,283.463,348.8572,42.6508,54.0926,34.9881,28.5463,73.418,80.418,63.8717,174.8122,79.5225,147.7196,56.0926,15.8836,21.4418,5.2209,70.1852,37.209,258.9974,223.6839,143.8241,79.8598,35.3135,14.2209,2,19.0926,0.09373605,6745.752096,-53.51060104,-18.42989921,2.8125, ,, ,,2613200.823,8524.424346,3360.597842,406475.1625
256,2,Winchester,1420,16,1373,4,0,0,5,22,12,643,777,120,140,64,70,164,189,163,333,177,333,92,32,39,9,202,95,613,492,238,254,121,28,3,90,0.08312807,17082.07531,-127,-54,2.88617992, ,, ,,2317468.394,8751.261364,3448.793693,360054.1792
257,2,Windsor Hills,1552,81,1435,4,3,1,2,26,15,701,851,96,104,69,63,159,151,184,470,256,389,182,58,38,15,169,60,723,618,407,211,105,23,22,60,0.23422538,6626.096479,-297,-94,2.50809001, ,, ,,6529802.858,11151.15694,4397.071156,1014937.171
258,1,Winston-Govans,1341,74,1218,10,2,0,5,32,26,601,740,99,138,50,67,149,153,178,353,154,288,117,49,25,11,146,64,582,475,271,204,107,32,11,64,0.1132634,11839.65814,-113,-23,2.82315993, ,, ,,3157589.892,7394.257256,2916.525241,491243.6087
259,2,Woodberry,1406,953,349,11,31,0,14,48,56,659,747,62,64,18,21,74,311,229,350,277,266,173,47,30,9,63,22,728,615,360,255,113,87,5,21,0.5318207,2643.748135,295,175,2.00487995, ,, ,,14826251.07,18239.36776,7195.42624,2305737.124
260,1,Woodbourne Heights,1795,48,1674,0,10,0,17,46,38,781,1014,119,129,62,57,242,256,189,551,190,436,178,44,43,16,215,103,853,786,311,475,67,52,3,12,0.13455785,13339.98683,-10,-12,2.27607989, ,, ,,3751242.671,7799.11761,3077.030002,583721.9852
261,2,Woodbourne-McCabe,908,20,864,3,1,0,5,15,10,389,519,75,96,40,45,105,122,102,209,114,211,77,28,24,12,110,49,378,300,178,122,78,12,8,58,0.07515329,12081.97165,-167,-24,3.02666997, ,, ,,2095145.287,6196.439459,2442.601836,325986.8324
262,1,Woodmere,2080,46,1995,1,7,0,4,27,18,901,1179,111,141,86,98,188,216,251,631,358,555,223,52,49,12,283,103,914,821,571,250,93,25,9,59,0.25838889,8049.881518,-225,-14,2.52497005, ,, ,,7203440.189,11826.79635,4662.402808,1120533.073
263,1,Wyman Park,1141,1016,25,1,74,0,3,22,30,569,572,65,48,18,12,79,312,194,283,130,246,197,66,17,8,32,16,679,610,412,198,69,42,3,24,0.1103614,10338.75894,-80,-41,1.87048995, ,, ,,3076687.19,9837.204805,3882.675138,478413.7767
264,2,Wyndhurst,702,616,31,0,24,0,4,27,24,338,364,42,78,27,21,30,79,131,212,82,166,134,75,9,4,23,12,343,312,182,130,31,11,3,17,0.30378345,2310.856584,-100,-52,2.25, ,, ,,8468962.829,12956.26539,5110.459833,1317834.809
265,5,Yale Heights,2500,196,2202,12,27,2,31,30,41,1128,1372,186,243,106,95,315,391,350,641,173,647,248,87,57,27,342,180,1141,995,488,507,146,73,4,69,0.19212479,13012.3758,-391,-120,2.51255989, ,, ,,5356110.388,11988.37665,4724.005947,831551.2915
266,4,Lower Edmondson Village,446,0,442,0,0,0,0,4,3,188,258,27,51,15,27,50,51,39,127,59,100,23,7,11,5,66,23,169,134,83,51,35,7,5,23,0.02258613,19746.62416,-34,-33,3.32836008, ,, ,,629662.9316,3165.096222,1247.400922,97802.96908
267,1,Wilhelm Park,534,401,86,10,12,1,14,10,23,257,277,24,50,18,9,52,92,69,167,53,124,79,24,10,6,35,12,235,215,133,82,20,4,8,8,0.44557997,1198.438068,30,6,2.48372006, ,, ,,12422006.97,19040.19237,7498.226636,1928328.739
268,5,Edgewood,2399,20,2330,15,1,4,6,23,20,1059,1340,162,248,96,128,291,257,249,624,344,587,186,47,54,16,347,137,922,765,489,276,157,42,17,98,0.10384713,23101.26349,-229,-66,3.13203001, ,, ,,2895080.358,7743.990487,3052.33191,449720.0744
269,5,Evesham Park,709,261,404,2,13,3,5,21,26,334,375,60,58,17,10,106,139,103,180,36,167,73,31,19,8,75,49,360,332,147,185,28,8,3,17,0.07342968,9655.496148,32,-10,2.11747002, ,, ,,2047093.813,7080.753248,2789.808458,318620.051
270,1,Belvedere,720,234,466,1,4,0,4,11,6,339,381,39,57,24,25,47,114,86,242,86,193,116,36,6,3,71,36,325,292,246,46,33,3,9,21,0.10364187,6946.999053,0,-15,2.46574997, ,, ,,2889358.047,7744.109128,3054.452431,449657.8104
271,4,Wrenlane,628.6798,12.6746,603.0052,4,0,0,1,8,12,286.537,342.1428,51.3492,63.9074,30.0119,35.4537,58.582,80.582,59.1283,161.1878,88.4775,165.2804,54.9074,16.1164,11.5582,3.7791,98.8148,49.791,260.0026,221.3161,146.1759,75.1402,38.6865,5.7791,2,30.9074,0.02884858,21792.39291,-41.48939895,0.42989999,2.84614992, ,, ,,804249.3107,4099.071864,1615.188401,125104.4694
272,3,York-Homeland,482.6745,198.1315,239.6775,0.4765,31.0535,0,4.953,8.3825,10.2415,204.898,277.7765,17.2415,24.2415,5.4765,4.953,83.334,40.3955,47.6775,129.825,129.53,54.342,37.53,9.812,3,1,13.812,6.859,322.005,300.381,66.9255,233.4555,21.624,15.812,2.4295,3.3825,0.02343313,20597.94699,0,0,1.61000001, ,, ,,653275.7377,3294.061236,1299.504672,101642.141
273,2,CARE,1151,102,969,1,47,5,10,17,41,518,633,76,84,34,50,109,144,148,287,219,248,77,23,30,13,141,56,693,501,158,343,192,65,20,107,0.08474102,13582.55891,-714,-207,2.24950003, ,, ,,2362434.807,6495.236251,2559.961753,366980.9823
274,4,Downtown West,366,246,48,1,50,0,4,17,21,203,163,2,0,0,0,87,185,54,36,2,34,32,2,1,0,1,0,306,265,2,263,41,27,1,13,0.10969806,3336.430893,245,183,1.34716999, ,, ,,3058194.194,8318.294649,3275.712474,474925.7454
275,1,Belair-Edison,16690,1338,14958,38,81,1,77,197,199,7500,9190,1134,1734,794,873,1825,2251,2145,4675,1259,4157,1457,491,382,155,2318,1191,6710,5986,4107,1879,724,238,104,382,0.82495409,20231.42882,167,-37,2.78666996, ,, ,,22998308.17,25209.15061,9936.428427,3575019.98
276,4,Four By Four,1261,27,1197,1,3,0,10,23,16,587,674,104,164,65,64,157,175,167,256,109,300,83,35,28,14,189,101,463,391,192,199,72,35,9,28,0.07081031,17808.14107,-363,-113,3.22505998, ,, ,,1974070.266,6457.974541,2543.377818,306818.3271
277,5,Charles Village,8255,4802,1288,19,1686,8,142,310,450,4320,3935,146,58,26,42,3917,1792,731,1086,457,612,454,111,55,12,103,53,4265,3725,619,3106,540,372,30,138,0.26335189,31345.89153,904,-724,2.21610999, ,, ,,7341800.126,13989.71807,5521.219542,1141361.82
278,4,Old Goucher,1046,235,711,6,38,4,19,33,45,593,453,18,25,15,14,72,237,153,393,119,83,30,7,21,7,32,18,405,344,17,327,61,33,4,24,0.05792496,18057.843,470,98,1.61627995, ,, ,,1614849.035,5089.804573,2006.764873,250990.7648
